<?xml version="1.0" encoding="UTF-8"?>
<project-private xmlns="http://www.netbeans.org/ns/project-private/1">
    <editor-bookmarks xmlns="http://www.netbeans.org/ns/editor-bookmarks/2" lastBookmarkId="3"/>
    <open-files xmlns="http://www.netbeans.org/ns/projectui-open-files/2">
        <group>
            <file>file:/C:/xampp/htdocs/amddigitalcrm/models/Clientes.php</file>
            <file>file:/C:/xampp/htdocs/amddigitalcrm/controllers/MisClientes_controller.php</file>
            <file>file:/C:/xampp/htdocs/amddigitalcrm/public/inc/head.php</file>
            <file>file:/C:/xampp/htdocs/amddigitalcrm/controllers/Cpanel_controller.php</file>
            <file>file:/C:/xampp/htdocs/amddigitalcrm/controllers/PanelCliente_controller.php</file>
            <file>file:/C:/xampp/htdocs/amddigitalcrm/libs/mail_reader.php</file>
        </group>
    </open-files>
</project-private>
